Epoch,Training Loss,Training Accuracy
1,1.592794078340133,0.2646484375
2,1.3915380910038948,0.28004557291666665
3,1.3845703567067782,0.2845703125
4,1.3781066700816154,0.2880859375
5,1.3743635771175227,0.2877278645833333
